address,type,diameter,length
fasteners-viewer/Bolts/Flat_Head/ISO10642/STL/FlatHead_M10x10_ISO10642.stl,Flat Head,10,10
fasteners-viewer/Bolts/Flat_Head/ISO10642/STL/FlatHead_M10x12_ISO10642.stl,Flat Head,10,12
fasteners-viewer/Bolts/Flat_Head/ISO10642/STL/FlatHead_M10x14_ISO10642.stl,Flat Head,10,14
fasteners-viewer/Bolts/Flat_Head/ISO10642/STL/FlatHead_M10x16_ISO10642.stl,Flat Head,10,16
fasteners-viewer/Bolts/Flat_Head/ISO10642/STL/FlatHead_M10x20_ISO10642.stl,Flat Head,10,20
fasteners-viewer/Bolts/Flat_Head/ISO10642/STL/FlatHead_M10x25_ISO10642.stl,Flat Head,10,25
fasteners-viewer/Bolts/Flat_Head/ISO10642/STL/FlatHead_M10x30_ISO10642.stl,Flat Head,10,30
fasteners-viewer/Bolts/Flat_Head/ISO10642/STL/FlatHead_M10x35_ISO10642.stl,Flat Head,10,35
fasteners-viewer/Bolts/Flat_Head/ISO10642/STL/FlatHead_M10x40_ISO10642.stl,Flat Head,10,40
fasteners-viewer/Bolts/Flat_Head/ISO10642/STL/FlatHead_M10x45_ISO10642.stl,Flat Head,10,45
fasteners-viewer/Bolts/Flat_Head/ISO10642/STL/FlatHead_M10x50_ISO10642.stl,Flat Head,10,50
fasteners-viewer/Bolts/Flat_Head/ISO10642/STL/FlatHead_M10x55_ISO10642.stl,Flat Head,10,55
fasteners-viewer/Bolts/Flat_Head/ISO10642/STL/FlatHead_M10x60_ISO10642.stl,Flat Head,10,60
fasteners-viewer/Bolts/Flat_Head/ISO10642/STL/FlatHead_M10x6_ISO10642.stl,Flat Head,10,6
fasteners-viewer/Bolts/Flat_Head/ISO10642/STL/FlatHead_M10x8_ISO10642.stl,Flat Head,10,8
fasteners-viewer/Bolts/Flat_Head/ISO10642/STL/FlatHead_M12x10_ISO10642.stl,Flat Head,12,10
fasteners-viewer/Bolts/Flat_Head/ISO10642/STL/FlatHead_M12x12_ISO10642.stl,Flat Head,12,12
fasteners-viewer/Bolts/Flat_Head/ISO10642/STL/FlatHead_M12x14_ISO10642.stl,Flat Head,12,14
fasteners-viewer/Bolts/Flat_Head/ISO10642/STL/FlatHead_M12x16_ISO10642.stl,Flat Head,12,16
fasteners-viewer/Bolts/Flat_Head/ISO10642/STL/FlatHead_M12x20_ISO10642.stl,Flat Head,12,20
fasteners-viewer/Bolts/Flat_Head/ISO10642/STL/FlatHead_M12x25_ISO10642.stl,Flat Head,12,25
fasteners-viewer/Bolts/Flat_Head/ISO10642/STL/FlatHead_M12x30_ISO10642.stl,Flat Head,12,30
fasteners-viewer/Bolts/Flat_Head/ISO10642/STL/FlatHead_M12x35_ISO10642.stl,Flat Head,12,35
fasteners-viewer/Bolts/Flat_Head/ISO10642/STL/FlatHead_M12x40_ISO10642.stl,Flat Head,12,40
fasteners-viewer/Bolts/Flat_Head/ISO10642/STL/FlatHead_M12x45_ISO10642.stl,Flat Head,12,45
fasteners-viewer/Bolts/Flat_Head/ISO10642/STL/FlatHead_M12x50_ISO10642.stl,Flat Head,12,50
fasteners-viewer/Bolts/Flat_Head/ISO10642/STL/FlatHead_M12x55_ISO10642.stl,Flat Head,12,55
fasteners-viewer/Bolts/Flat_Head/ISO10642/STL/FlatHead_M12x60_ISO10642.stl,Flat Head,12,60
fasteners-viewer/Bolts/Flat_Head/ISO10642/STL/FlatHead_M12x6_ISO10642.stl,Flat Head,12,6
fasteners-viewer/Bolts/Flat_Head/ISO10642/STL/FlatHead_M12x8_ISO10642.stl,Flat Head,12,8
fasteners-viewer/Bolts/Flat_Head/ISO10642/STL/FlatHead_M16x10_ISO10642.stl,Flat Head,16,10
fasteners-viewer/Bolts/Flat_Head/ISO10642/STL/FlatHead_M16x12_ISO10642.stl,Flat Head,16,12
fasteners-viewer/Bolts/Flat_Head/ISO10642/STL/FlatHead_M16x14_ISO10642.stl,Flat Head,16,14
fasteners-viewer/Bolts/Flat_Head/ISO10642/STL/FlatHead_M16x16_ISO10642.stl,Flat Head,16,16
fasteners-viewer/Bolts/Flat_Head/ISO10642/STL/FlatHead_M16x20_ISO10642.stl,Flat Head,16,20
fasteners-viewer/Bolts/Flat_Head/ISO10642/STL/FlatHead_M16x25_ISO10642.stl,Flat Head,16,25
fasteners-viewer/Bolts/Flat_Head/ISO10642/STL/FlatHead_M16x30_ISO10642.stl,Flat Head,16,30
fasteners-viewer/Bolts/Flat_Head/ISO10642/STL/FlatHead_M16x35_ISO10642.stl,Flat Head,16,35
fasteners-viewer/Bolts/Flat_Head/ISO10642/STL/FlatHead_M16x40_ISO10642.stl,Flat Head,16,40
fasteners-viewer/Bolts/Flat_Head/ISO10642/STL/FlatHead_M16x45_ISO10642.stl,Flat Head,16,45
fasteners-viewer/Bolts/Flat_Head/ISO10642/STL/FlatHead_M16x50_ISO10642.stl,Flat Head,16,50
fasteners-viewer/Bolts/Flat_Head/ISO10642/STL/FlatHead_M16x55_ISO10642.stl,Flat Head,16,55
fasteners-viewer/Bolts/Flat_Head/ISO10642/STL/FlatHead_M16x60_ISO10642.stl,Flat Head,16,60
fasteners-viewer/Bolts/Flat_Head/ISO10642/STL/FlatHead_M16x6_ISO10642.stl,Flat Head,16,6
fasteners-viewer/Bolts/Flat_Head/ISO10642/STL/FlatHead_M16x8_ISO10642.stl,Flat Head,16,8
fasteners-viewer/Bolts/Flat_Head/ISO10642/STL/FlatHead_M20x10_ISO10642.stl,Flat Head,20,10
fasteners-viewer/Bolts/Flat_Head/ISO10642/STL/FlatHead_M20x12_ISO10642.stl,Flat Head,20,12
fasteners-viewer/Bolts/Flat_Head/ISO10642/STL/FlatHead_M20x14_ISO10642.stl,Flat Head,20,14
fasteners-viewer/Bolts/Flat_Head/ISO10642/STL/FlatHead_M20x16_ISO10642.stl,Flat Head,20,16
fasteners-viewer/Bolts/Flat_Head/ISO10642/STL/FlatHead_M20x20_ISO10642.stl,Flat Head,20,20
fasteners-viewer/Bolts/Flat_Head/ISO10642/STL/FlatHead_M20x25_ISO10642.stl,Flat Head,20,25
fasteners-viewer/Bolts/Flat_Head/ISO10642/STL/FlatHead_M20x30_ISO10642.stl,Flat Head,20,30
fasteners-viewer/Bolts/Flat_Head/ISO10642/STL/FlatHead_M20x35_ISO10642.stl,Flat Head,20,35
fasteners-viewer/Bolts/Flat_Head/ISO10642/STL/FlatHead_M20x40_ISO10642.stl,Flat Head,20,40
fasteners-viewer/Bolts/Flat_Head/ISO10642/STL/FlatHead_M20x45_ISO10642.stl,Flat Head,20,45
fasteners-viewer/Bolts/Flat_Head/ISO10642/STL/FlatHead_M20x50_ISO10642.stl,Flat Head,20,50
fasteners-viewer/Bolts/Flat_Head/ISO10642/STL/FlatHead_M20x55_ISO10642.stl,Flat Head,20,55
fasteners-viewer/Bolts/Flat_Head/ISO10642/STL/FlatHead_M20x60_ISO10642.stl,Flat Head,20,60
fasteners-viewer/Bolts/Flat_Head/ISO10642/STL/FlatHead_M20x6_ISO10642.stl,Flat Head,20,6
fasteners-viewer/Bolts/Flat_Head/ISO10642/STL/FlatHead_M20x8_ISO10642.stl,Flat Head,20,8
fasteners-viewer/Bolts/Flat_Head/ISO10642/STL/FlatHead_M3x10_ISO10642.stl,Flat Head,3,10
fasteners-viewer/Bolts/Flat_Head/ISO10642/STL/FlatHead_M3x12_ISO10642.stl,Flat Head,3,12
fasteners-viewer/Bolts/Flat_Head/ISO10642/STL/FlatHead_M3x14_ISO10642.stl,Flat Head,3,14
fasteners-viewer/Bolts/Flat_Head/ISO10642/STL/FlatHead_M3x16_ISO10642.stl,Flat Head,3,16
fasteners-viewer/Bolts/Flat_Head/ISO10642/STL/FlatHead_M3x20_ISO10642.stl,Flat Head,3,20
fasteners-viewer/Bolts/Flat_Head/ISO10642/STL/FlatHead_M3x25_ISO10642.stl,Flat Head,3,25
fasteners-viewer/Bolts/Flat_Head/ISO10642/STL/FlatHead_M3x30_ISO10642.stl,Flat Head,3,30
fasteners-viewer/Bolts/Flat_Head/ISO10642/STL/FlatHead_M3x35_ISO10642.stl,Flat Head,3,35
fasteners-viewer/Bolts/Flat_Head/ISO10642/STL/FlatHead_M3x40_ISO10642.stl,Flat Head,3,40
fasteners-viewer/Bolts/Flat_Head/ISO10642/STL/FlatHead_M3x45_ISO10642.stl,Flat Head,3,45
fasteners-viewer/Bolts/Flat_Head/ISO10642/STL/FlatHead_M3x50_ISO10642.stl,Flat Head,3,50
fasteners-viewer/Bolts/Flat_Head/ISO10642/STL/FlatHead_M3x55_ISO10642.stl,Flat Head,3,55
fasteners-viewer/Bolts/Flat_Head/ISO10642/STL/FlatHead_M3x60_ISO10642.stl,Flat Head,3,60
fasteners-viewer/Bolts/Flat_Head/ISO10642/STL/FlatHead_M3x6_ISO10642.stl,Flat Head,3,6
fasteners-viewer/Bolts/Flat_Head/ISO10642/STL/FlatHead_M3x8_ISO10642.stl,Flat Head,3,8
fasteners-viewer/Bolts/Flat_Head/ISO10642/STL/FlatHead_M4x10_ISO10642.stl,Flat Head,4,10
fasteners-viewer/Bolts/Flat_Head/ISO10642/STL/FlatHead_M4x12_ISO10642.stl,Flat Head,4,12
fasteners-viewer/Bolts/Flat_Head/ISO10642/STL/FlatHead_M4x14_ISO10642.stl,Flat Head,4,14
fasteners-viewer/Bolts/Flat_Head/ISO10642/STL/FlatHead_M4x16_ISO10642.stl,Flat Head,4,16
fasteners-viewer/Bolts/Flat_Head/ISO10642/STL/FlatHead_M4x20_ISO10642.stl,Flat Head,4,20
fasteners-viewer/Bolts/Flat_Head/ISO10642/STL/FlatHead_M4x25_ISO10642.stl,Flat Head,4,25
fasteners-viewer/Bolts/Flat_Head/ISO10642/STL/FlatHead_M4x30_ISO10642.stl,Flat Head,4,30
fasteners-viewer/Bolts/Flat_Head/ISO10642/STL/FlatHead_M4x35_ISO10642.stl,Flat Head,4,35
fasteners-viewer/Bolts/Flat_Head/ISO10642/STL/FlatHead_M4x40_ISO10642.stl,Flat Head,4,40
fasteners-viewer/Bolts/Flat_Head/ISO10642/STL/FlatHead_M4x45_ISO10642.stl,Flat Head,4,45
fasteners-viewer/Bolts/Flat_Head/ISO10642/STL/FlatHead_M4x50_ISO10642.stl,Flat Head,4,50
fasteners-viewer/Bolts/Flat_Head/ISO10642/STL/FlatHead_M4x55_ISO10642.stl,Flat Head,4,55
fasteners-viewer/Bolts/Flat_Head/ISO10642/STL/FlatHead_M4x60_ISO10642.stl,Flat Head,4,60
fasteners-viewer/Bolts/Flat_Head/ISO10642/STL/FlatHead_M4x6_ISO10642.stl,Flat Head,4,6
fasteners-viewer/Bolts/Flat_Head/ISO10642/STL/FlatHead_M4x8_ISO10642.stl,Flat Head,4,8
fasteners-viewer/Bolts/Flat_Head/ISO10642/STL/FlatHead_M5x10_ISO10642.stl,Flat Head,5,10
fasteners-viewer/Bolts/Flat_Head/ISO10642/STL/FlatHead_M5x12_ISO10642.stl,Flat Head,5,12
fasteners-viewer/Bolts/Flat_Head/ISO10642/STL/FlatHead_M5x14_ISO10642.stl,Flat Head,5,14
fasteners-viewer/Bolts/Flat_Head/ISO10642/STL/FlatHead_M5x16_ISO10642.stl,Flat Head,5,16
fasteners-viewer/Bolts/Flat_Head/ISO10642/STL/FlatHead_M5x20_ISO10642.stl,Flat Head,5,20
fasteners-viewer/Bolts/Flat_Head/ISO10642/STL/FlatHead_M5x25_ISO10642.stl,Flat Head,5,25
fasteners-viewer/Bolts/Flat_Head/ISO10642/STL/FlatHead_M5x30_ISO10642.stl,Flat Head,5,30
fasteners-viewer/Bolts/Flat_Head/ISO10642/STL/FlatHead_M5x35_ISO10642.stl,Flat Head,5,35
fasteners-viewer/Bolts/Flat_Head/ISO10642/STL/FlatHead_M5x40_ISO10642.stl,Flat Head,5,40
fasteners-viewer/Bolts/Flat_Head/ISO10642/STL/FlatHead_M5x45_ISO10642.stl,Flat Head,5,45
fasteners-viewer/Bolts/Flat_Head/ISO10642/STL/FlatHead_M5x50_ISO10642.stl,Flat Head,5,50
fasteners-viewer/Bolts/Flat_Head/ISO10642/STL/FlatHead_M5x55_ISO10642.stl,Flat Head,5,55
fasteners-viewer/Bolts/Flat_Head/ISO10642/STL/FlatHead_M5x60_ISO10642.stl,Flat Head,5,60
fasteners-viewer/Bolts/Flat_Head/ISO10642/STL/FlatHead_M5x6_ISO10642.stl,Flat Head,5,6
fasteners-viewer/Bolts/Flat_Head/ISO10642/STL/FlatHead_M5x8_ISO10642.stl,Flat Head,5,8
fasteners-viewer/Bolts/Flat_Head/ISO10642/STL/FlatHead_M6x10_ISO10642.stl,Flat Head,6,10
fasteners-viewer/Bolts/Flat_Head/ISO10642/STL/FlatHead_M6x12_ISO10642.stl,Flat Head,6,12
fasteners-viewer/Bolts/Flat_Head/ISO10642/STL/FlatHead_M6x14_ISO10642.stl,Flat Head,6,14
fasteners-viewer/Bolts/Flat_Head/ISO10642/STL/FlatHead_M6x16_ISO10642.stl,Flat Head,6,16
fasteners-viewer/Bolts/Flat_Head/ISO10642/STL/FlatHead_M6x20_ISO10642.stl,Flat Head,6,20
fasteners-viewer/Bolts/Flat_Head/ISO10642/STL/FlatHead_M6x25_ISO10642.stl,Flat Head,6,25
fasteners-viewer/Bolts/Flat_Head/ISO10642/STL/FlatHead_M6x30_ISO10642.stl,Flat Head,6,30
fasteners-viewer/Bolts/Flat_Head/ISO10642/STL/FlatHead_M6x35_ISO10642.stl,Flat Head,6,35
fasteners-viewer/Bolts/Flat_Head/ISO10642/STL/FlatHead_M6x40_ISO10642.stl,Flat Head,6,40
fasteners-viewer/Bolts/Flat_Head/ISO10642/STL/FlatHead_M6x45_ISO10642.stl,Flat Head,6,45
fasteners-viewer/Bolts/Flat_Head/ISO10642/STL/FlatHead_M6x50_ISO10642.stl,Flat Head,6,50
fasteners-viewer/Bolts/Flat_Head/ISO10642/STL/FlatHead_M6x55_ISO10642.stl,Flat Head,6,55
fasteners-viewer/Bolts/Flat_Head/ISO10642/STL/FlatHead_M6x60_ISO10642.stl,Flat Head,6,60
fasteners-viewer/Bolts/Flat_Head/ISO10642/STL/FlatHead_M6x6_ISO10642.stl,Flat Head,6,6
fasteners-viewer/Bolts/Flat_Head/ISO10642/STL/FlatHead_M6x8_ISO10642.stl,Flat Head,6,8
fasteners-viewer/Bolts/Flat_Head/ISO10642/STL/FlatHead_M8x10_ISO10642.stl,Flat Head,8,10
fasteners-viewer/Bolts/Flat_Head/ISO10642/STL/FlatHead_M8x12_ISO10642.stl,Flat Head,8,12
fasteners-viewer/Bolts/Flat_Head/ISO10642/STL/FlatHead_M8x14_ISO10642.stl,Flat Head,8,14
fasteners-viewer/Bolts/Flat_Head/ISO10642/STL/FlatHead_M8x16_ISO10642.stl,Flat Head,8,16
fasteners-viewer/Bolts/Flat_Head/ISO10642/STL/FlatHead_M8x20_ISO10642.stl,Flat Head,8,20
fasteners-viewer/Bolts/Flat_Head/ISO10642/STL/FlatHead_M8x25_ISO10642.stl,Flat Head,8,25
fasteners-viewer/Bolts/Flat_Head/ISO10642/STL/FlatHead_M8x30_ISO10642.stl,Flat Head,8,30
fasteners-viewer/Bolts/Flat_Head/ISO10642/STL/FlatHead_M8x35_ISO10642.stl,Flat Head,8,35
fasteners-viewer/Bolts/Flat_Head/ISO10642/STL/FlatHead_M8x40_ISO10642.stl,Flat Head,8,40
fasteners-viewer/Bolts/Flat_Head/ISO10642/STL/FlatHead_M8x45_ISO10642.stl,Flat Head,8,45
fasteners-viewer/Bolts/Flat_Head/ISO10642/STL/FlatHead_M8x50_ISO10642.stl,Flat Head,8,50
fasteners-viewer/Bolts/Flat_Head/ISO10642/STL/FlatHead_M8x55_ISO10642.stl,Flat Head,8,55
fasteners-viewer/Bolts/Flat_Head/ISO10642/STL/FlatHead_M8x60_ISO10642.stl,Flat Head,8,60
fasteners-viewer/Bolts/Flat_Head/ISO10642/STL/FlatHead_M8x6_ISO10642.stl,Flat Head,8,6
fasteners-viewer/Bolts/Flat_Head/ISO10642/STL/FlatHead_M8x8_ISO10642.stl,Flat Head,8,8
